{"cameraMode":{"drawMode":2,"name":"Shaded Wireframe","section":"Shading Mode"},"sceneLighting":false,"audioPlay":false,"sceneViewState":{"showFog":true,"showMaterialUpdate":false,"showSkybox":true,"showFlares":true,"showImageEffects":true,"showParticleSystems":true},"in2DMode":false,"pivot":{"x":2.0250539779663088,"y":-2.2777624130249025,"z":-8.781133651733399},"rotation":{"x":-0.22713246941566468,"y":0.2226317971944809,"z":-0.053421273827552798,"w":-0.9465686082839966},"size":33.22053527832031,"orthographic":false}