{"cameraMode":{"drawMode":2,"name":"Shaded Wireframe","section":"Shading Mode"},"sceneLighting":false,"audioPlay":false,"sceneViewState":{"showFog":true,"showMaterialUpdate":false,"showSkybox":true,"showFlares":true,"showImageEffects":true,"showParticleSystems":true},"in2DMode":false,"pivot":{"x":0.08060619235038758,"y":-0.41451597213745119,"z":-0.634357213973999},"rotation":{"x":-0.37417590618133547,"y":-0.045876096934080127,"z":0.018536653369665147,"w":-0.9260368347167969},"size":2.7218384742736818,"orthographic":false}